author,sub
-Conservative-,"['conservative', 'conservativesonly']"
-ParanoidAndroid_-,"['communism', 'socialism']"
-_-_-_-otalp-_-_-_-,"['anarchism', 'socialism']"
1000000students,"['democrats', 'economics', 'liberal', 'progressive']"
10000_Brushstrokes,"['capitalism', 'politicalphilosophy']"
107A,"['anarchism', 'socialism']"
10gauge,"['conservative', 'conspiracy', 'libertarian']"
115MRD,"['politicaldiscussion', 'politics']"
150c_vapour,"['alltheleft', 'marxism']"
45forprison,"['IWW', 'libertariansocialism']"
5_Frog_Margin,"['conservative', 'libertarian']"
5th_Law_of_Robotics,"['democrats', 'egalitarianism', 'libertarian']"
666tranquilo,"['anarcho_capitalism', 'libertarian']"
75dollars,"['politicaldiscussion', 'politics']"
8rg6a2o,"['feminisms', 'freethought', 'progressive']"
8th_House_Stellium,"['IWW', 'socialdemocracy', 'socialism']"
9-NINE-9,"['anarchism', 'capitalism']"
A-MacLeod,"['libertarianleft', 'libertariansocialism', 'marxism', 'socialdemocracy']"
AEboyeeee,"['greenparty', 'liberal', 'socialism']"
A_Peoples_Calendar,"['IWW', 'anarchism', 'communism', 'socialism']"
Aarakokra,"['anarcho_capitalism', 'libertariansocialism']"
AbeLincolns_Ghost,"['askpolitics', 'geopolitics']"
Abunchofrandomwords,"['anarcho_capitalism', 'libertarian']"
AccoSpoot,"['anarchism', 'socialism']"
AccumulateAccumulate,"['communism', 'marxism']"
Accurate-gawd-9763,"['capitalism', 'republicans']"
AdamVR4,"['greenparty', 'progressive']"
Administrative_Ebb64,"['alltheleft', 'greenparty']"
AdvocateAndEmpower,"['liberal', 'progressive']"
AegeaMapmaking,"['anarchism', 'greenparty']"
Agora_Black_Flag,"['libertarianleft', 'libertariansocialism']"
Aidan_Jonah,"['communism', 'socialism']"
Alastair789,"['alltheleft', 'economics']"
AlbertFairfaxII,"['libertarian', 'socialdemocracy']"
AnarchoFederation,"['libertarianleft', 'libertariansocialism']"
Anarcho_Humanist,"['anarchism', 'conspiracy', 'libertarianleft', 'libertariansocialism', 'politicaldiscussion', 'socialdemocracy', 'socialism']"
Andalib_Odulate,"['democrats', 'moderatepolitics']"
AngryAxeman,"['libertarianleft', 'socialism']"
AnonCaptain0022,"['anarcho_capitalism', 'capitalism']"
Anticipator1234,"['democrats', 'liberal', 'progressive']"
AntonioMachado,"['marxism', 'socialscience']"
ApartheidUSA,"['alltheleft', 'socialism']"
AristotleJr,"['libertariansocialism', 'politicalphilosophy']"
Arriveria,"['anarchism', 'democrats']"
Asshole411,"['capitalism', 'conspiracy']"
Atarru_,"['conservativesonly', 'republicans']"
Austin63867,"['democrats', 'politics']"
Available-Hold9724,"['capitalism', 'conspiracy']"
Avenger3611,"['geopolitics', 'neutralpolitics']"
Ayrane,"['libertarian', 'politics']"
BackgroundIsland9,"['askpolitics', 'geopolitics']"
Bananawamajama,"['neutralpolitics', 'politicaldiscussion']"
Barknuckle,"['liberal', 'progressive']"
BelizeBoy99,"['conspiracy', 'republicans']"
BelleAriel,"['politics', 'socialdemocracy', 'socialism']"
Benjirva,"['labor', 'progressive']"
Bernie-Standards,"['IWW', 'politics']"
Bhima,"['libertarianleft', 'libertariansocialism']"
Big_Red_Machine_1917,"['communism', 'socialism']"
BikkaZz,"['capitalism', 'economics']"
Blackwatwer2,"['libertarianleft', 'libertariansocialism']"
BlakeSiefken,"['alltheleft', 'socialism']"
BlankVerse,"['democrats', 'economics', 'feminisms', 'liberal', 'politics', 'progressive']"
BlockchainSocialist,"['libertarianleft', 'libertariansocialism', 'marxism']"
BluSentry,"['IWW', 'libertarianleft', 'libertariansocialism']"
BlueWoof,"['anarchism', 'socialism']"
BobbyButtPlug,"['IWW', 'anarchism']"
BradCTucker,"['liberal', 'progressive']"
BreaksFull,"['geopolitics', 'moderatepolitics']"
BringingSassyBack,"['libertariansocialism', 'socialism']"
Briterac,"['conspiracy', 'libertarian']"
Broke_Poetry,"['liberal', 'progressive']"
Bruh-man1300,"['IWW', 'alltheleft', 'capitalism', 'libertarianleft', 'libertariansocialism', 'socialdemocracy']"
BubsyFanboy,"['anarchism', 'libertarianleft', 'libertariansocialism']"
BudrickBundy,"['conservative', 'moderatepolitics', 'republicans']"
BuildAutonomy,"['IWW', 'anarchism', 'labor']"
BurgersBaconFreedom,"['anarcho_capitalism', 'libertarian']"
BurnerPhone80960,"['anarcho_capitalism', 'libertarian']"
Cadet-Bone-Spurs,"['IWW', 'liberal', 'marxism']"
Cameliano,"['democrats', 'politics']"
CanadianNacho,"['conservative', 'liberal']"
Captain_of_Industry,"['conservative', 'conservativesonly', 'republicans']"
Captainstinkytits,"['economics', 'liberal', 'politics']"
CaramelKey5319,"['democrats', 'liberal']"
CarlosimoDangerosimo,"['alltheleft', 'libertarianleft']"
Carmac,"['liberal', 'progressive']"
CarolinianRevolution,"['labor', 'progressive']"
CenterforPopEcon,"['libertariansocialism', 'marxism']"
Ch33mazrer,"['anarcho_capitalism', 'conservative']"
ChangemakerEnglish,"['IWW', 'labor']"
CharlieDarwin2,"['democrats', 'freethought', 'progressive']"
Cheran_Or_Bust,"['alltheleft', 'communism']"
Chickendie090,"['IWW', 'alltheleft', 'anarchism', 'communism', 'libertarianleft']"
ChivaRen,"['IWW', 'greenparty']"
CivUniverse,"['egalitarianism', 'libertarianleft', 'socialscience']"
Clatsop,"['conservative', 'conservativesonly']"
Cobalt_Caster,"['moderatepolitics', 'politicaldiscussion']"
ColeyMoley420,"['communism', 'marxism']"
CollumMcJingleballs,"['alltheleft', 'progressive']"
Combefere,"['communism', 'socialism']"
Comrade7878,"['alltheleft', 'communism']"
Comrade_Strelok,"['alltheleft', 'marxism']"
Condensonomics,"['capitalism', 'marxism', 'politicalphilosophy', 'socialscience']"
CoughyFilter,"['libertariansocialism', 'marxism']"
CrapNeck5000,"['moderatepolitics', 'politicaldiscussion']"
CremationLily,"['democrats', 'socialdemocracy', 'socialism']"
Crs2Per,"['economics', 'geopolitics']"
Cuddlyaxe,"['geopolitics', 'politicaldiscussion']"
CultistHeadpiece,"['anarcho_capitalism', 'capitalism', 'conservative']"
Cyclone_1,"['IWW', 'alltheleft', 'anarchism', 'labor', 'politics', 'socialism', 'socialscience']"
DaedricDanny,"['communism', 'socialism']"
Daewwoo,"['labor', 'politicalphilosophy']"
Daktush,"['capitalism', 'libertarian', 'republicans']"
Dan-In-SC,"['conservative', 'conservativesonly']"
DanAdamsShow,"['conservative', 'conservativesonly']"
DanAnders,"['capitalism', 'republicans']"
DarkBlue222,"['democrats', 'republicans']"
DarkPriestScorpius,"['moderatepolitics', 'politicaldiscussion']"
DarkWorld25,"['geopolitics', 'moderatepolitics']"
Dark_Nuts,"['IWW', 'anarchism']"
DavidJacobin,"['anarchism', 'socialscience']"
Dedekind19,"['alltheleft', 'anarchism']"
Deerhoof_Fan,"['conspiracy', 'moderatepolitics']"
DesignNoobie99,"['feminisms', 'freethought', 'progressive']"
Designthing,"['feminisms', 'freethought']"
Dessert42,"['conspiracy', 'libertarian']"
DiMadHatter,"['IWW', 'anarchism', 'libertariansocialism']"
DomPachino,"['capitalism', 'geopolitics']"
DonSalaam,"['democrats', 'liberal']"
DonaldCourter,"['communism', 'marxism']"
Dooraven,"['moderatepolitics', 'politics']"
DoremusJessup,"['democrats', 'economics', 'labor', 'progressive']"
Dragon3105,"['communism', 'libertarianleft']"
Dresslerj1,"['libertariansocialism', 'socialscience']"
DrumletNation,"['anarchism', 'socialism']"
DublinCheezie,"['libertarian', 'libertarianleft']"
DumbNeurosurgeon,"['greenparty', 'socialism']"
Dumbass1171,"['capitalism', 'libertarian']"
EZPEEZEE,"['anarchism', 'socialism']"
East_River,"['communism', 'marxism', 'socialism']"
EconomyArcher4,"['IWW', 'alltheleft', 'labor', 'marxism']"
ElBienMasPreciado,"['libertarianleft', 'libertariansocialism']"
ElKurdo,"['anarchism', 'libertarianleft']"
Elementalillness,"['IWW', 'communism', 'feminisms']"
EmeraldMistress_,"['capitalism', 'socialdemocracy']"
EmilioEarhart,"['conspiracy', 'greenparty']"
EmoryGunGuy,"['anarcho_capitalism', 'republicans']"
EnigmaTrain,"['geopolitics', 'progressive', 'socialism']"
EsperantistoUsona,"['libertarianleft', 'libertariansocialism', 'socialdemocracy']"
Esperaux,"['IWW', 'alltheleft', 'anarchism', 'greenparty', 'labor', 'libertarianleft', 'libertariansocialism', 'socialdemocracy']"
Eudaimonics,"['labor', 'moderatepolitics']"
Eurynom0s,"['libertarian', 'politics']"
EustacheDaugerLives,"['liberal', 'progressive']"
Even-Function,"['capitalism', 'marxism']"
Everbanned,"['labor', 'socialism']"
Everything4Everyone,"['IWW', 'anarchism', 'feminisms', 'libertariansocialism', 'socialism']"
Evzob,"['capitalism', 'geopolitics']"
Expensive_Pop,"['conspiracy', 'geopolitics']"
Expultzas,"['anarcho_capitalism', 'capitalism']"
FCK12_13,"['IWW', 'anarchism']"
Facerealityalready,"['liberal', 'politics']"
FarEndRN,"['democrats', 'politicaldiscussion']"
Farscape12Monkeys,"['economics', 'moderatepolitics', 'politicaldiscussion']"
Fawkie_Guy_1776,"['anarcho_capitalism', 'greenparty']"
Fearless_File5908,"['democrats', 'republicans']"
Ferginator,"['libertarianleft', 'objectivism']"
FinnagainsAwake,"['libertarianleft', 'marxism']"
FlumFlorp,"['askpolitics', 'politicaldiscussion']"
Fordler,"['IWW', 'communism']"
ForeignAffairsMag,"['geopolitics', 'politicalphilosophy']"
Fr0nting,"['libertarianleft', 'politicalphilosophy', 'socialscience']"
Fr1sk3r,"['economics', 'politics']"
Frankieba,"['anarchism', 'socialism']"
FreedomsPower,"['labor', 'liberal', 'politics', 'progressive']"
Freequality_YT,"['libertariansocialism', 'politicalphilosophy']"
FreindOfDurruti,"['IWW', 'libertarianleft', 'libertariansocialism']"
Friendlynortherner,"['greenparty', 'socialdemocracy']"
Frixxed,"['anarchism', 'socialism']"
Fuckleberry__Finn,"['capitalism', 'libertarian']"
Fuji_Dragon,"['geopolitics', 'socialscience']"
FunkStienn,"['libertarianleft', 'libertariansocialism']"
Future401,"['conservative', 'conspiracy']"
FutureisAsian,"['conspiracy', 'economics']"
Fvoltes,"['anarcho_capitalism', 'askpolitics']"
GageTom,"['anarchism', 'socialdemocracy']"
GameRiderTom,"['communism', 'socialism']"
Genedide,"['libertariansocialism', 'socialscience']"
GeneralReposti_Bot,"['feminisms', 'socialism']"
Ghdust2,"['democrats', 'neutralpolitics']"
GhostOfImNotATroll,"['feminisms', 'libertarianleft', 'politicalphilosophy']"
GladMaintenance0,"['communism', 'economics', 'marxism']"
Gnome_Sane,"['conservativesonly', 'moderatepolitics', 'politicaldiscussion', 'republicans']"
GoelandAnonyme,"['anarchism', 'askpolitics']"
Gonzo_B,"['democrats', 'economics']"
GreySoviet,"['IWW', 'alltheleft', 'anarchism', 'communism', 'socialism']"
Gringo_Please,"['anarcho_capitalism', 'conservative', 'libertarian']"
HTownian25,"['anarcho_capitalism', 'libertarian']"
HUNDmiau,"['IWW', 'anarchism', 'libertarianleft', 'libertariansocialism']"
Hamizan2000,"['geopolitics', 'marxism']"
HarryBergeron927,"['conservative', 'libertarian']"
Hater-Bot,"['alltheleft', 'communism']"
Havvocck2,"['capitalism', 'liberal', 'progressive']"
HealthMotor8651,"['libertariansocialism', 'socialdemocracy']"
Hefty-Barber-8256,"['capitalism', 'objectivism']"
Helicase21,"['neutralpolitics', 'politics']"
Hermes1706,"['objectivism', 'politicalphilosophy']"
Herzen_Roux,"['libertarianleft', 'libertariansocialism']"
Hetalbot,"['economics', 'politics']"
HighRoller390,"['conservative', 'libertarian', 'republicans']"
HoneyPot-Gold,"['conservative', 'republicans']"
Housing_Justice,"['IWW', 'anarchism', 'labor']"
Hurt_cow,"['moderatepolitics', 'politicaldiscussion']"
IHerebyDemandtoPost,"['geopolitics', 'moderatepolitics']"
IIRC,"['conservative', 'conservativesonly']"
ILikeNeurons,"['economics', 'feminisms', 'moderatepolitics', 'neutralpolitics']"
IND_CFC,"['askpolitics', 'politicaldiscussion']"
IRISHMDw,"['conspiracy', 'politicalphilosophy']"
IWWUpstateNewYork,"['IWW', 'communism']"
Interesting-Resort-1,"['alltheleft', 'askpolitics']"
Internationalisme,"['libertariansocialism', 'marxism']"
IntnsRed,"['alltheleft', 'greenparty', 'libertarianleft', 'marxism', 'socialscience']"
IronWolve,"['conservative', 'conservativesonly']"
ItsBobsledTime,"['alltheleft', 'marxism']"
JLBesq1981,"['democrats', 'politics']"
JPRedScot,"['capitalism', 'conservative']"
Jabbam,"['conservative', 'moderatepolitics', 'politicaldiscussion']"
JackFisherBooks,"['egalitarianism', 'libertarian']"
JaimeCaroM,"['IWW', 'libertariansocialism']"
Jamesshrugged,"['libertarianleft', 'objectivism']"
Jasko1111,"['anarcho_capitalism', 'libertarian']"
JeanJauresJr,"['geopolitics', 'socialism']"
Jeffersonpaine2016,"['liberal', 'progressive']"
Jet_Attention_617,"['neutralpolitics', 'politicaldiscussion']"
JimHeathTV,"['democrats', 'progressive', 'republicans']"
JoylessDeer,"['askpolitics', 'socialdemocracy']"
JusticiaySolidaridad,"['politicalphilosophy', 'socialdemocracy']"
KateBanner,"['capitalism', 'republicans']"
Kida89,"['libertarianleft', 'objectivism', 'politicalphilosophy']"
King-Sassafrass,"['IWW', 'communism']"
KnowledgeAndFaith,"['anarcho_capitalism', 'capitalism', 'conservative']"
Kunphen,"['economics', 'progressive']"
KurtFF8,"['labor', 'socialism']"
Kythirius,"['greenparty', 'socialism']"
LaborwaveRadio,"['IWW', 'labor']"
Lamont-Cranston,"['IWW', 'anarchism', 'labor', 'libertarianleft', 'marxism', 'progressive', 'socialdemocracy']"
LastExit95,"['anarcho_capitalism', 'conservative']"
Leadhead1311,"['libertarian', 'neutralpolitics']"
LeftistCommentary,"['libertarianleft', 'libertariansocialism', 'marxism']"
LeninistAnthony,"['anarchism', 'marxism']"
LessOffensiveName,"['anarcho_capitalism', 'libertarian']"
LibertarianCritiques,"['anarchism', 'greenparty']"
LibertyDay,"['conspiracy', 'objectivism']"
Libertyjournalist16,"['libertarianleft', 'libertariansocialism']"
LichenTruther,"['IWW', 'anarchism']"
Lightfiend,"['freethought', 'objectivism', 'politicalphilosophy', 'socialscience']"
Lightsilvermoon_,"['anarchism', 'socialism']"
Like1OngoingOrgasm,"['IWW', 'anarchism']"
Lilyo,"['alltheleft', 'labor', 'socialism']"
Lionhearted09,"['anarcho_capitalism', 'conservative']"
LisaMck041,"['askpolitics', 'democrats']"
LivingRaccoon,"['anarchism', 'socialism']"
LocalsUnited,"['IWW', 'labor']"
Lokarin,"['askpolitics', 'politicaldiscussion']"
Loki-Gwynbleidd,"['alltheleft', 'anarchism', 'socialism']"
Lost_Lynx_6430,"['democrats', 'liberal']"
LtCmdrData,"['economics', 'socialscience']"
MBlaizze,"['democrats', 'progressive']"
MOPuppets,"['communism', 'socialism']"
MR_Rictus,"['labor', 'marxism']"
Mac_Gee_88,"['conservativesonly', 'objectivism']"
MadisonTheMage,"['IWW', 'socialism']"
Malthus0,"['capitalism', 'marxism', 'objectivism']"
Manakanda,"['democrats', 'libertarianleft']"
MandemDontHearMeTho,"['askpolitics', 'economics']"
Manny12,"['democrats', 'liberal']"
MariaCN,"['IWW', 'greenparty', 'labor', 'marxism', 'socialism']"
Marisa_Nya,"['moderatepolitics', 'politicaldiscussion']"
Markdd8,"['geopolitics', 'neutralpolitics', 'politicaldiscussion', 'socialscience']"
Market_Anarchist,"['anarcho_capitalism', 'capitalism']"
MarxWithLime,"['anarchism', 'greenparty', 'socialism']"
Matman161,"['anarchism', 'libertarianleft']"
Matthew_John,"['alltheleft', 'greenparty', 'marxism', 'socialism']"
Maxcactus,"['liberal', 'progressive']"
MayonaiseRemover,"['alltheleft', 'economics', 'feminisms', 'greenparty', 'libertarianleft', 'marxism', 'politicalphilosophy', 'socialism']"
Mcnst,"['conspiracy', 'libertarian']"
Mighty_L_LORT,"['conservative', 'economics']"
MikeShaughnessy,"['alltheleft', 'greenparty', 'libertarianleft', 'marxism']"
MilanGuy,"['liberal', 'progressive']"
MistWeaver80,"['anarchism', 'feminisms']"
Mizuxe621,"['IWW', 'askpolitics']"
Moonpo1n7,"['anarchism', 'socialism']"
Moontouch,"['marxism', 'socialism']"
Mr-Stalin,"['communism', 'marxism', 'socialism']"
MrDollyLlama,"['democrats', 'republicans']"
Mr_Absolutee,"['anarcho_capitalism', 'republicans']"
Mr_Gimli_,"['anarcho_capitalism', 'conservativesonly', 'republicans']"
Mr_L-2004,"['capitalism', 'conservative']"
Mumrik93,"['IWW', 'libertariansocialism']"
MunchenBundchen,"['geopolitics', 'republicans']"
MutualAidWorks,"['anarchism', 'communism']"
Mynameis__--__,"['democrats', 'economics', 'labor', 'libertarianleft', 'libertariansocialism', 'marxism', 'politicalphilosophy', 'progressive', 'socialdemocracy', 'socialscience']"
NORDLAN,"['democrats', 'liberal', 'moderatepolitics']"
Nadya_Lenin,"['communism', 'socialism']"
NationalTeamFootball,"['libertarianleft', 'marxism']"
Naurgul,"['economics', 'geopolitics']"
Nergaal,"['conservative', 'geopolitics', 'libertarian']"
NewRetroPepsi,"['economics', 'socialism']"
News2016,"['conspiracy', 'greenparty', 'politics']"
Nezaus,"['republicans', 'socialscience']"
Nick_________,"['anarchism', 'socialism']"
Nick__________,"['IWW', 'alltheleft', 'anarchism', 'socialism']"
NineteenEighty9,"['conservative', 'economics', 'geopolitics']"
No-Serve-7580,"['marxism', 'socialdemocracy']"
OddProfit7,"['greenparty', 'republicans']"
OrwellAstronomy23,"['libertarianleft', 'socialscience']"
OstentaciousOstrich,"['IWW', 'anarchism']"
Osterstriker,"['libertarian', 'libertarianleft', 'progressive']"
PaintSniffer69,"['anarchism', 'feminisms', 'libertariansocialism']"
ParticularGlass1821,"['askpolitics', 'politicaldiscussion']"
Passable_Posts,"['capitalism', 'libertariansocialism']"
PatTar69,"['conservative', 'conservativesonly', 'republicans']"
PathologyIncomplete,"['geopolitics', 'marxism', 'socialscience']"
Patterson9191717,"['IWW', 'anarchism', 'greenparty', 'labor', 'libertarianleft', 'libertariansocialism', 'marxism', 'socialism']"
Pessimist2020,"['conservative', 'libertarian', 'politics']"
Phatbrew,"['democrats', 'liberal']"
PhilliptheGuy,"['libertariansocialism', 'neutralpolitics']"
Philo1927,"['liberal', 'politics', 'progressive']"
PhilosoGuido,"['conservative', 'conservativesonly']"
PinkSlimeIsPeople,"['economics', 'freethought', 'progressive']"
PinkWug,"['IWW', 'anarchism']"
Pioneer_Pins,"['anarchism', 'greenparty']"
PjeterPannos,"['economics', 'geopolitics']"
Playaguy,"['conspiracy', 'liberal']"
Plutonium_Nitrate_94,"['anarchism', 'libertariansocialism', 'socialism']"
PostNationalism,"['conspiracy', 'libertarian', 'libertarianleft']"
Potential_One355,"['democrats', 'republicans']"
Prefect1969,"['geopolitics', 'politicaldiscussion']"
PrestoVivace,"['democrats', 'greenparty', 'labor']"
PrettyDank25,"['anarcho_capitalism', 'conservativesonly']"
Prettygame4Ausername,"['communism', 'economics', 'socialism']"
ProgressiveLogic,"['democrats', 'liberal', 'progressive']"
ProllyPolly2,"['labor', 'politics']"
PuffGetsSideB,"['alltheleft', 'anarchism']"
PuffingDragon,"['greenparty', 'labor', 'marxism']"
Qplus17,"['conservative', 'conspiracy']"
QueenofMars321,"['IWW', 'alltheleft', 'libertariansocialism']"
Quiet_Possession,"['capitalism', 'libertarian']"
Qwill2,"['feminisms', 'marxism', 'politicalphilosophy', 'socialdemocracy']"
RB5Network,"['marxism', 'politicalphilosophy']"
RIPNightman,"['alltheleft', 'socialism']"
RONDOOOOOOO,"['labor', 'progressive']"
RainOfPain125,"['IWW', 'alltheleft', 'libertarianleft', 'libertariansocialism']"
Rainerdoesreddit,"['communism', 'politicalphilosophy']"
RecordWV,"['labor', 'marxism']"
RedIvies,"['libertariansocialism', 'marxism']"
RedOnTheWeb,"['IWW', 'socialism']"
RedditGreenit,"['IWW', 'labor', 'progressive']"
Reddywesty,"['anarcho_capitalism', 'libertarian']"
Reich_Wing_Watch,"['libertarianleft', 'libertariansocialism']"
ReligiousFreedomDude,"['democrats', 'freethought', 'liberal', 'progressive']"
ReviewEquivalent1266,"['capitalism', 'republicans']"
RevistaLegerin,"['anarchism', 'feminisms', 'socialism']"
RhythmMethodMan,"['labor', 'moderatepolitics']"
RomneysBainer,"['feminisms', 'freethought', 'progressive', 'socialdemocracy']"
Ronthecat13,"['anarcho_capitalism', 'libertarian']"
RoutineProcedure,"['economics', 'geopolitics', 'politicaldiscussion']"
Roxxagon,"['libertarianleft', 'socialdemocracy']"
SageManeja,"['anarcho_capitalism', 'objectivism']"
Samantha8669,"['conservative', 'republicans']"
SarahLee,"['feminisms', 'progressive']"
Sawbones90,"['IWW', 'libertarianleft', 'libertariansocialism']"
ScarletEgret,"['libertarianleft', 'libertariansocialism']"
Science_Podcast,"['economics', 'socialscience']"
Seen_on_instagram,"['capitalism', 'objectivism']"
SentenceDeep,"['anarcho_capitalism', 'conservative']"
Severe-Mountain2005,"['democrats', 'republicans']"
Sewblon,"['economics', 'egalitarianism', 'socialscience']"
ShaunaDorothy,"['labor', 'libertarianleft', 'marxism']"
ShibbyHaze1,"['IWW', 'communism', 'marxism']"
ShotHotDesign,"['anarchism', 'socialism']"
Shuffledrive,"['anarchism', 'socialism']"
Siessfires,"['greenparty', 'politicalphilosophy']"
Sip_py,"['democrats', 'economics']"
SnooBooks5387,"['conservative', 'conspiracy', 'republicans']"
SocialRationalist,"['libertarianleft', 'politicalphilosophy']"
Sola__Fide,"['conservative', 'politicalphilosophy']"
Splenda,"['economics', 'geopolitics']"
StarShot77,"['moderatepolitics', 'politicaldiscussion']"
Stauce52,"['moderatepolitics', 'socialscience']"
SuperBarracuda6,"['alltheleft', 'greenparty']"
SuperCharged2000,"['anarcho_capitalism', 'capitalism', 'conservative', 'libertarian', 'republicans']"
SwingJay1,"['politicaldiscussion', 'politics']"
Sword_of_Apollo,"['conservative', 'objectivism']"
SymbioticPatriotic,"['greenparty', 'labor']"
TRIGGEREDharambe2018,"['askpolitics', 'capitalism']"
Taylor0722,"['anarchism', 'libertariansocialism']"
TelemecusFielding,"['economics', 'geopolitics']"
TerrificTauras,"['anarcho_capitalism', 'capitalism']"
TheArmChairTheorist,"['libertariansocialism', 'marxism', 'politicalphilosophy']"
TheAtomicClock,"['democrats', 'socialdemocracy']"
TheChroof,"['conservative', 'republicans']"
TheGentleDominant,"['IWW', 'anarchism', 'libertariansocialism']"
TheIenzo,"['anarchism', 'libertariansocialism']"
TheJord,"['IWW', 'socialism']"
TheNewTreasury,"['libertarianleft', 'libertariansocialism']"
TheRealRadical2,"['IWW', 'anarchism', 'libertariansocialism']"
The_Ebb_and_Flow,"['feminisms', 'libertariansocialism']"
Theorymeltfool1,"['conservative', 'libertarian']"
ThomasSnout,"['economics', 'labor']"
Tokarev309,"['IWW', 'communism']"
TrendingBot,"['neutralpolitics', 'socialscience']"
Tricolor3s,"['askpolitics', 'politicaldiscussion']"
Trow44,"['libertarianleft', 'politicalphilosophy']"
Trulex900,"['libertariansocialism', 'socialdemocracy']"
TruthWarrior919,"['progressive', 'socialism']"
Truth_SeekingMissile,"['capitalism', 'objectivism']"
TwoEyedSam,"['IWW', 'alltheleft', 'anarchism', 'marxism']"
UCantKneebah,"['labor', 'socialdemocracy']"
USADANK,"['anarcho_capitalism', 'libertarian']"
UWCG,"['democrats', 'politics']"
UncleToddsCabin,"['politics', 'socialism']"
UncomfortableBamboo,"['IWW', 'alltheleft']"
User_Name13,"['conspiracy', 'labor']"
UsualHat,"['capitalism', 'conspiracy', 'libertarian']"
VIJAYANAND108,"['communism', 'socialism']"
VaccineTruth11,"['capitalism', 'conspiracy', 'libertarian', 'republicans']"
Vergil1997,"['capitalism', 'politicalphilosophy']"
VerySecretCactus,"['politicaldiscussion', 'politicalphilosophy']"
Voodoosoviet,"['IWW', 'anarchism']"
VysmekL,"['capitalism', 'objectivism']"
WPIG109,"['alltheleft', 'socialdemocracy']"
WantDebianThanks,"['feminisms', 'socialdemocracy']"
WarOfNoise,"['anarchism', 'askpolitics', 'economics']"
We-R-1U,"['democrats', 'labor']"
WhippersnapperUT99,"['moderatepolitics', 'objectivism']"
WildAnimus,"['conspiracy', 'economics', 'progressive']"
WlmWilberforce,"['moderatepolitics', 'neutralpolitics']"
Woah_Mad_Frollick,"['feminisms', 'socialdemocracy']"
WorkplaceOrganizing,"['IWW', 'greenparty', 'labor']"
WpgDipper,"['feminisms', 'socialdemocracy', 'socialscience']"
XVll-L,"['economics', 'geopolitics']"
Xemnas81,"['libertarianleft', 'politicalphilosophy']"
YuriRedFox6969,"['anarchism', 'libertarianleft', 'libertariansocialism']"
Z3F,"['anarcho_capitalism', 'conspiracy']"
ZageStudios,"['communism', 'socialism']"
Ze-skywalker,"['anarcho_capitalism', 'libertarian']"
Zero-89,"['IWW', 'libertarianleft', 'libertariansocialism']"
ZmajLee,"['democrats', 'feminisms']"
Zolan0501,"['IWW', 'libertariansocialism', 'marxism', 'socialscience']"
_CaptainKirk,"['IWW', 'libertariansocialism']"
_DoneWaiting_,"['alltheleft', 'democrats', 'labor']"
_MyFeetSmell_,"['alltheleft', 'anarchism']"
_TopCheese_,"['libertariansocialism', 'socialdemocracy']"
_XYZ_ZYX_,"['greenparty', 'marxism']"
__Not__the__NSA__,"['communism', 'marxism']"
_another_i,"['IWW', 'anarchism']"
_hiddenscout,"['economics', 'politics']"
a_ricketson,"['anarchism', 'libertarianleft', 'libertariansocialism', 'moderatepolitics']"
aditseth03,"['politicalphilosophy', 'socialscience']"
aggie1391,"['communism', 'conservative', 'politics']"
akejavel,"['IWW', 'anarchism', 'labor', 'socialscience']"
albanian_bolshevik,"['libertarianleft', 'marxism']"
alc59,"['conservative', 'conservativesonly']"
aldo_nova,"['communism', 'socialism']"
all_is_love6667,"['politicalphilosophy', 'socialism']"
alllie,"['labor', 'progressive']"
almac26,"['capitalism', 'feminisms']"
alrightfrankie,"['politicaldiscussion', 'socialism']"
among_bridge_four,"['libertarian', 'moderatepolitics']"
an1h,"['anarcho_capitalism', 'libertarian']"
anarchitekt,"['libertarianleft', 'libertariansocialism']"
anomaloustreasure,"['anarchism', 'anarcho_capitalism']"
anticapitalist,"['libertarianleft', 'libertariansocialism']"
anutensil,"['democrats', 'feminisms', 'politicalphilosophy', 'progressive']"
aynrandfan,"['objectivism', 'politicalphilosophy']"
backpackwayne,"['democrats', 'liberal']"
bappa158,"['libertariansocialism', 'socialscience']"
barnaby-jones,"['greenparty', 'progressive']"
bearwave,"['conservative', 'conspiracy']"
beauseph,"['greenparty', 'marxism']"
bedsweaters,"['feminisms', 'politicalphilosophy']"
belugasoup,"['conservative', 'libertarian']"
benjaminikuta,"['anarchism', 'libertarian', 'libertarianleft']"
better_world_economy,"['economics', 'socialscience']"
big_al11,"['feminisms', 'libertarianleft', 'libertariansocialism', 'politicalphilosophy', 'progressive', 'socialism']"
billybobthortonj,"['IWW', 'libertariansocialism']"
billyengland,"['anarcho_capitalism', 'conservativesonly', 'libertarian']"
bitlingr,"['capitalism', 'objectivism']"
bittercupojoe,"['politicaldiscussion', 'socialscience']"
blademan9999,"['libertarian', 'politics']"
blaspheminCapn,"['conservative', 'libertarian', 'socialscience']"
blueoister21,"['geopolitics', 'liberal']"
boa_plays,"['conservativesonly', 'republicans']"
bobbyw24,"['conservative', 'economics', 'liberal', 'libertarian']"
boobioboobs,"['alltheleft', 'socialism']"
boston-review,"['economics', 'feminisms', 'politicalphilosophy']"
boujeeFett,"['economics', 'feminisms']"
bperki8,"['greenparty', 'socialism']"
brownears,"['democrats', 'labor', 'progressive']"
bsmart08,"['economics', 'moderatepolitics']"
bugleweed,"['liberal', 'progressive', 'socialdemocracy']"
burtzev,"['IWW', 'feminisms', 'labor', 'libertarianleft', 'libertariansocialism', 'progressive']"
bussdownshawty,"['libertarianleft', 'marxism']"
bustingbusters,"['IWW', 'labor']"
caffeine_fiend_x,"['communism', 'greenparty', 'liberal', 'progressive']"
calicub,"['libertarian', 'republicans']"
canausernamebetoolon,"['economics', 'liberal', 'progressive']"
capitalism93,"['capitalism', 'libertarian']"
carter1984,"['neutralpolitics', 'politicaldiscussion']"
catras_new_haircut,"['alltheleft', 'anarchism']"
caulijure,"['greenparty', 'progressive']"
cavehobbit,"['labor', 'libertarianleft']"
chelsea707,"['economics', 'politics']"
cheweychewchew,"['liberal', 'progressive']"
chicofaraby,"['liberal', 'progressive']"
clash1111,"['politicalphilosophy', 'politics', 'progressive']"
cledamy,"['libertarianleft', 'libertariansocialism']"
clocks212,"['economics', 'moderatepolitics']"
collectivecognition,"['feminisms', 'freethought', 'libertarianleft']"
commieotter,"['IWW', 'anarchism']"
comradenathan,"['communism', 'marxism', 'socialism']"
comte994,"['communism', 'socialscience']"
cons_NC,"['capitalism', 'conspiracy']"
conspiracythierry,"['conservativesonly', 'republicans']"
conuly,"['feminisms', 'liberal', 'progressive']"
coolbern,"['economics', 'labor', 'politics']"
coolite,"['libertariansocialism', 'socialdemocracy']"
cos,"['feminisms', 'neutralpolitics', 'progressive']"
cottagecow,"['conspiracy', 'politics']"
crimeanchocolate,"['greenparty', 'labor', 'socialdemocracy']"
cristianpodar,"['liberal', 'politics']"
criticalnegation,"['libertariansocialism', 'socialism']"
crush_kill_destroy,"['communism', 'greenparty', 'progressive', 'socialism']"
crypto_zoomer,"['alltheleft', 'anarchism', 'libertariansocialism', 'socialism']"
ctfsh64,"['alltheleft', 'anarchism', 'politicalphilosophy']"
daemonclam73,"['anarchism', 'communism']"
dangzal,"['democrats', 'politics']"
dannylenwinn,"['capitalism', 'geopolitics', 'republicans']"
data2dave,"['economics', 'labor', 'liberal', 'politicaldiscussion']"
daveyhanks93,"['liberal', 'progressive']"
davida_usa,"['economics', 'politicaldiscussion']"
davidreiss666,"['freethought', 'liberal', 'progressive', 'socialscience']"
davidrovics,"['IWW', 'anarchism', 'greenparty']"
dayviduh,"['communism', 'greenparty']"
dcjogger,"['anarcho_capitalism', 'economics']"
democracy101,"['libertarian', 'libertarianleft']"
deviantbyblood,"['alltheleft', 'anarchism']"
dgodon,"['freethought', 'labor']"
discocrisco,"['democrats', 'geopolitics']"
disorono,"['anarchism', 'socialism']"
donotusethisaccountu,"['alltheleft', 'greenparty', 'libertarianleft', 'libertariansocialism']"
dreamo95,"['greenparty', 'socialism']"
drunken-pineapple,"['geopolitics', 'moderatepolitics']"
dstewart398,"['anarcho_capitalism', 'libertarian']"
dtlv5813,"['economics', 'libertarian']"
dutchsurfer,"['labor', 'progressive']"
dylantownshend,"['moderatepolitics', 'neutralpolitics']"
eannasheridan,"['communism', 'socialism']"
easyone,"['economics', 'labor', 'liberal', 'politics', 'progressive']"
ecocomrade,"['alltheleft', 'anarchism', 'communism', 'socialism']"
eldomtom2,"['moderatepolitics', 'politicaldiscussion']"
envatted_love,"['economics', 'neutralpolitics']"
erdub,"['neutralpolitics', 'politicaldiscussion']"
ericthedreamer,"['neutralpolitics', 'progressive']"
eternityablaze,"['anarcho_capitalism', 'libertarian']"
eucalyptusmonk,"['economics', 'geopolitics']"
eunpiacere,"['conservative', 'libertarian']"
everetterice,"['democrats', 'liberal', 'progressive']"
fabianhjr,"['libertarianleft', 'libertariansocialism']"
failed_evolution,"['greenparty', 'labor', 'marxism']"
farmllamaderpalmtree,"['greenparty', 'socialism']"
fatal_strategy,"['communism', 'greenparty', 'labor', 'socialism']"
finnagains,"['IWW', 'labor']"
fleentrain89,"['libertarian', 'politicaldiscussion']"
flesh_eating_turtle,"['communism', 'marxism', 'socialdemocracy']"
floppywaffles776,"['capitalism', 'libertarian']"
flyingkiwis,"['askpolitics', 'marxism']"
free_chalupas,"['politicaldiscussion', 'socialdemocracy']"
fuck-tories,"['anarchism', 'libertarianleft']"
fullbloodedwhitemale,"['capitalism', 'republicans']"
gAlienLifeform,"['feminisms', 'progressive']"
gangshitbruh,"['libertariansocialism', 'politicalphilosophy']"
geoirksome,"['libertarianleft', 'libertariansocialism']"
ghostofpennwast,"['conspiracy', 'economics', 'progressive']"
giveawayguy99,"['anarchism', 'democrats']"
gloriousglib,"['politicaldiscussion', 'politicalphilosophy']"
gonaldgoose6,"['alltheleft', 'anarchism']"
goodbetterbestbested,"['politicaldiscussion', 'politicalphilosophy']"
gorgeousbshaw,"['IWW', 'libertariansocialism', 'socialism']"
graphictruth,"['freethought', 'libertarianleft', 'progressive', 'socialscience']"
gratisargott,"['IWW', 'socialism']"
greenrd,"['libertarianleft', 'politicalphilosophy']"
greenruins09,"['alltheleft', 'socialism']"
guanaco55,"['conservative', 'conservativesonly']"
haalidoodi,"['neutralpolitics', 'politicaldiscussion']"
harry_leigh,"['capitalism', 'objectivism']"
harshworld4u,"['conservativesonly', 'republicans']"
haskalah1989,"['communism', 'socialism']"
hawthornepolitics,"['libertariansocialism', 'socialdemocracy']"
helloandgooddaytoyou,"['communism', 'marxism']"
hermannschultz13,"['geopolitics', 'neutralpolitics', 'politicaldiscussion']"
herrmoekl,"['libertariansocialism', 'politicalphilosophy']"
hiimirony,"['libertarianleft', 'libertariansocialism']"
hoagiesandgrinders,"['democrats', 'liberal', 'progressive']"
howie2020,"['IWW', 'greenparty']"
howlin,"['moderatepolitics', 'objectivism']"
huckingfoes,"['conservative', 'conservativesonly']"
i_accidently_reddit,"['egalitarianism', 'libertarian']"
icedpickles,"['geopolitics', 'politicaldiscussion']"
ickda,"['libertarianleft', 'libertariansocialism']"
ikeneutral,"['capitalism', 'republicans']"
imitationcheese,"['labor', 'libertariansocialism']"
impishrat,"['economics', 'politics']"
imrduckington,"['IWW', 'anarchism', 'libertarianleft']"
iriemeditation,"['conspiracy', 'freethought']"
isaac-get-the-golem,"['politicaldiscussion', 'politics']"
ivanissac,"['democrats', 'socialism']"
jade_crayon,"['conservative', 'libertarianleft']"
jag316,"['anarchism', 'socialdemocracy']"
jamalwhite70,"['liberal', 'progressive']"
javascript_dev,"['askpolitics', 'geopolitics']"
javaxcore,"['economics', 'liberal', 'libertariansocialism', 'politics', 'progressive']"
je97,"['conservative', 'libertarian', 'politicaldiscussion']"
jefuchs,"['freethought', 'progressive']"
jest09,"['greenparty', 'progressive']"
jimfoley,"['liberal', 'progressive']"
jimrosenz,"['economics', 'progressive']"
jlevy1126,"['egalitarianism', 'moderatepolitics']"
jms1225,"['economics', 'labor']"
johnmountain,"['economics', 'greenparty', 'libertarian', 'republicans']"
johntempleton,"['politicaldiscussion', 'politics']"
johntwit,"['conservative', 'libertarian']"
jonfla,"['democrats', 'liberal', 'progressive', 'socialscience']"
jparra661,"['anarchism', 'libertarianleft']"
jsalsman,"['economics', 'labor', 'socialdemocracy']"
juice2092,"['libertarian', 'libertarianleft']"
justin_quinnn,"['libertariansocialism', 'socialscience']"
kaeshuranarchist,"['anarchism', 'socialism']"
kaffmoo,"['IWW', 'communism', 'progressive']"
kazingaAML,"['libertariansocialism', 'progressive', 'socialism']"
kinyon,"['communism', 'marxism']"
kittenpunched,"['greenparty', 'socialdemocracy']"
kmurph72,"['democrats', 'liberal']"
krainex69,"['anarcho_capitalism', 'capitalism']"
laborkyle,"['IWW', 'marxism']"
laundry_writer,"['libertariansocialism', 'politicalphilosophy']"
lawrencekhoo,"['economics', 'neutralpolitics']"
lawschool33,"['geopolitics', 'libertarian']"
lilcash650,"['democrats', 'economics']"
littlemuffles,"['greenparty', 'libertariansocialism', 'socialism']"
loveskoalas,"['liberal', 'libertarianleft', 'progressive']"
lumberyep,"['IWW', 'alltheleft', 'askpolitics']"
mKKultrawoKe,"['IWW', 'libertariansocialism']"
madam1,"['democrats', 'liberal', 'progressive']"
madcat033,"['freethought', 'progressive']"
magister0,"['libertarianleft', 'marxism', 'progressive']"
mainkiller7,"['alltheleft', 'libertariansocialism']"
mammaknullare123987,"['libertariansocialism', 'politicalphilosophy']"
manauiatlalli,"['democrats', 'greenparty']"
manual_tranny,"['economics', 'geopolitics']"
marisam7,"['anarchism', 'socialism']"
marxistpossum,"['libertariansocialism', 'socialdemocracy']"
maxwellhill,"['freethought', 'politics']"
mboop127,"['anarchism', 'socialism']"
mclumber1,"['moderatepolitics', 'neutralpolitics']"
mdgaspar,"['IWW', 'democrats']"
meatduck12,"['greenparty', 'politicaldiscussion', 'progressive']"
mepper,"['democrats', 'freethought', 'politics', 'progressive']"
metalgearsolid123456,"['greenparty', 'socialdemocracy']"
meyamashi,"['feminisms', 'socialscience']"
millenialmurrow,"['marxism', 'politicalphilosophy']"
minarcholibcapdouche,"['anarcho_capitalism', 'conservativesonly']"
mindlance,"['libertarianleft', 'politicalphilosophy']"
mindtree98,"['communism', 'labor']"
misana123,"['greenparty', 'politics']"
mjk1093,"['economics', 'politicalphilosophy']"
moa_wearemoa,"['anarcho_capitalism', 'libertarian']"
monsoony,"['democrats', 'feminisms']"
mosestrod,"['marxism', 'socialscience']"
mptpro,"['capitalism', 'objectivism']"
mschwenger,"['moderatepolitics', 'politicaldiscussion']"
mtndewaddict,"['IWW', 'socialism']"
nahmate34,"['anarchism', 'feminisms', 'libertariansocialism']"
nahmate45,"['IWW', 'anarchism', 'feminisms', 'libertariansocialism', 'socialism']"
namesrue,"['alltheleft', 'anarchism', 'socialism']"
nationalistsareRINOs,"['economics', 'liberal', 'progressive']"
neroisstillbanned,"['democrats', 'socialism']"
nerovox,"['IWW', 'anarchism']"
newnemo,"['economics', 'politics']"
nirad,"['politics', 'progressive']"
no-militarism,"['IWW', 'labor']"
noplusnoequalsno,"['marxism', 'politicalphilosophy']"
normie_lit,"['anarcho_capitalism', 'capitalism']"
novaya_iskrennost,"['marxism', 'politicalphilosophy']"
novvva,"['conservative', 'republicans']"
nowlan101,"['moderatepolitics', 'neutralpolitics']"
nutmegstatemedia,"['anarchism', 'libertariansocialism', 'marxism']"
o_O-JBL,"['conservative', 'republicans']"
obamarama,"['economics', 'moderatepolitics']"
onlydogontheleft,"['libertarianleft', 'libertariansocialism']"
opposide,"['IWW', 'alltheleft']"
optionhome,"['conservative', 'conservativesonly']"
ottolouis,"['geopolitics', 'politicalphilosophy']"
owl__of_minerva,"['labor', 'progressive']"
pacinothere,"['anarchism', 'economics']"
paone22,"['democrats', 'progressive']"
papergabby,"['democrats', 'liberal']"
parentis_shotgun,"['communism', 'marxism']"
parrishthethought,"['liberal', 'progressive']"
pasdp0l43,"['anarchism', 'politicalphilosophy']"
pashotboshot,"['communism', 'socialism']"
pateras,"['greenparty', 'progressive']"
phileconomicus,"['freethought', 'libertarianleft', 'politicalphilosophy']"
pinner52,"['conspiracy', 'libertarian']"
poliscijunki,"['labor', 'politics']"
politsturm,"['communism', 'marxism']"
premeddit,"['moderatepolitics', 'politicaldiscussion']"
proctorberlin,"['liberal', 'progressive']"
progress18,"['democrats', 'liberal', 'politics', 'progressive']"
prplCar0t,"['IWW', 'anarchism']"
psychothumbs,"['labor', 'libertariansocialism', 'marxism', 'socialdemocracy', 'socialism']"
punkthesystem,"['liberal', 'libertarianleft', 'objectivism', 'politicalphilosophy', 'socialscience']"
qemist,"['egalitarianism', 'socialscience']"
queer_bolshevik,"['marxism', 'politicalphilosophy', 'socialism']"
qwheat,"['liberal', 'progressive']"
radical_vegan,"['anarchism', 'communism', 'socialism']"
raffu280,"['conservative', 'libertarian', 'republicans']"
raicopk,"['anarchism', 'socialism']"
raistlin65,"['democrats', 'liberal']"
randy88moss,"['politics', 'progressive']"
ravenmarie666,"['democrats', 'liberal']"
reach_mcreach,"['IWW', 'socialism']"
realplayer16,"['democrats', 'politics']"
redditor01020,"['libertarian', 'progressive']"
refuwu,"['capitalism', 'socialscience']"
regularly-lies,"['neutralpolitics', 'politics']"
relevantlife,"['conspiracy', 'freethought', 'politics']"
removable_muon,"['greenparty', 'libertarianleft']"
rewkom,"['libertariansocialism', 'marxism']"
rieslingatkos,"['democrats', 'labor']"
rodrigohernandez4477,"['egalitarianism', 'republicans']"
romark1965,"['conservative', 'conservativesonly']"
roundearthervaxxer,"['liberal', 'progressive']"
ryanmb30,"['politicalphilosophy', 'socialscience']"
scapimag,"['greenparty', 'socialism']"
scottb84,"['feminisms', 'politicalphilosophy']"
seeands,"['communism', 'marxism']"
seraph9888,"['IWW', 'alltheleft']"
setxfisher,"['IWW', 'labor']"
shadypat,"['democrats', 'liberal', 'republicans']"
shallah,"['democrats', 'feminisms', 'labor', 'liberal', 'progressive']"
shcmil,"['labor', 'libertariansocialism', 'socialdemocracy']"
sheldonalpha5,"['anarchism', 'socialism']"
shitp0stmalone,"['capitalism', 'conservative']"
shortadamlewis,"['conspiracy', 'politicaldiscussion']"
shoutpolitics,"['greenparty', 'socialism']"
shylock92008,"['conspiracy', 'greenparty', 'libertariansocialism']"
sillychillly,"['economics', 'libertarianleft', 'progressive']"
sirboozebum,"['economics', 'politicaldiscussion']"
skepticalspectacle1,"['democrats', 'economics', 'liberal', 'libertarianleft', 'progressive']"
skiller215,"['IWW', 'marxism']"
smurfyjenkins,"['economics', 'geopolitics']"
snappydo99,"['moderatepolitics', 'politicaldiscussion']"
soswinglifeaway,"['moderatepolitics', 'neutralpolitics']"
spaceghoti,"['freethought', 'liberal', 'progressive']"
spartan2600,"['labor', 'marxism', 'progressive']"
sticky_situati0n,"['communism', 'socialism']"
stopme45,"['anarchism', 'feminisms', 'libertariansocialism']"
str8baller,"['labor', 'marxism', 'socialism']"
streetlite,"['progressive', 'socialscience']"
stretchmarx20,"['marxism', 'socialism']"
subheight640,"['moderatepolitics', 'neutralpolitics', 'politicalphilosophy']"
supercooper25,"['communism', 'socialism']"
supersleeper454,"['capitalism', 'republicans']"
swiet,"['conservative', 'egalitarianism', 'libertarian']"
symonsymone,"['feminisms', 'liberal', 'progressive']"
system_exposure,"['geopolitics', 'politicalphilosophy', 'politics']"
t1m3f0rt1m3r,"['alltheleft', 'anarchism', 'communism', 'labor', 'socialism']"
tacos_4_all,"['libertarianleft', 'libertariansocialism']"
te_kooti_tubman,"['communism', 'socialism']"
tehForce,"['conservative', 'libertarian']"
tenders74,"['greenparty', 'libertarianleft', 'libertariansocialism']"
terminal8,"['freethought', 'libertarianleft', 'politicalphilosophy']"
tfowler11,"['capitalism', 'libertarian']"
thatsocrates,"['communism', 'economics']"
the_soviet_union_69,"['alltheleft', 'communism']"
thedabarry,"['labor', 'liberal', 'progressive']"
thegeebeebee,"['anarchism', 'labor', 'socialism']"
thelasthoxhaist,"['alltheleft', 'socialism']"
thelibertarianideal,"['libertariansocialism', 'politicalphilosophy']"
therealcuckertarlson,"['anarcho_capitalism', 'libertarian']"
therecordcorrected,"['democrats', 'liberal', 'progressive']"
thewallking,"['anarchism', 'greenparty', 'libertarianleft']"
thinkB4WeSpeak,"['geopolitics', 'progressive', 'socialism']"
thinkcontext,"['labor', 'republicans']"
thinkliberation,"['IWW', 'anarchism']"
throwawaysobehonest,"['anarchism', 'socialism']"
timmg,"['moderatepolitics', 'politicaldiscussion']"
tkyjonathan,"['capitalism', 'objectivism']"
toomuchgammon,"['IWW', 'alltheleft', 'anarchism', 'socialism']"
totallynotmusk,"['greenparty', 'libertarian', 'libertarianleft']"
totothehoto,"['anarchism', 'communism']"
tots4scott,"['conspiracy', 'neutralpolitics']"
trackofalljades,"['liberal', 'progressive']"
transtwin,"['anarchism', 'libertarian']"
trueslicky,"['economics', 'progressive']"
tyw7,"['democrats', 'republicans']"
ugly_earthling,"['greenparty', 'socialdemocracy']"
ultimatefighting,"['anarcho_capitalism', 'conservative', 'libertarian']"
unbelteduser,"['libertarianleft', 'libertariansocialism']"
universaltruthx13,"['IWW', 'labor', 'libertariansocialism']"
unkz,"['moderatepolitics', 'neutralpolitics']"
untergeher_muc,"['feminisms', 'greenparty']"
vVGacxACBh,"['economics', 'politicaldiscussion']"
vangelisc,"['feminisms', 'politicalphilosophy']"
vankorgan,"['economics', 'libertarian', 'moderatepolitics']"
villacardo,"['communism', 'socialism']"
vitalijzad,"['communism', 'marxism']"
viva_la_vinyl,"['economics', 'politics']"
vodyanoy,"['alltheleft', 'socialscience']"
voice-of-hermes,"['IWW', 'greenparty', 'libertarianleft', 'libertariansocialism']"
walter1950,"['democrats', 'liberal']"
warau_meow,"['alltheleft', 'anarchism']"
warrior-pacifist,"['libertarianleft', 'libertariansocialism']"
wayoftheroad4000,"['anarcho_capitalism', 'objectivism']"
webdeveloper5050,"['politicalphilosophy', 'socialism']"
wemptronics,"['geopolitics', 'politicaldiscussion']"
wenchette,"['democrats', 'progressive']"
whatllmyusernamebe2,"['IWW', 'anarchism']"
white_n_mild,"['greenparty', 'objectivism']"
whythattyguy,"['libertarianleft', 'libertariansocialism']"
wjbc,"['neutralpolitics', 'politicaldiscussion']"
wordwordwordwordword,"['alltheleft', 'libertarianleft', 'progressive']"
workerbotsuperhero,"['labor', 'progressive', 'socialscience']"
workplace_democracy,"['IWW', 'marxism', 'socialdemocracy']"
worldwidescrotes,"['libertarianleft', 'libertariansocialism']"
x0x7,"['anarcho_capitalism', 'libertarian']"
xaz-,"['anarchism', 'socialism']"
xplkqlkcassia,"['communism', 'marxism']"
xsat2234,"['capitalism', 'socialscience']"
yallmindifipraise,"['geopolitics', 'libertarian']"
yrjokallinen,"['labor', 'libertarianleft', 'libertariansocialism', 'socialdemocracy']"
yuligan,"['IWW', 'anarchism', 'libertarianleft']"
yungpr1ma,"['communism', 'socialism']"
yuritopiaposadism,"['alltheleft', 'anarchism']"
zelda-go-go,"['democrats', 'economics', 'liberal']"
zihua_,"['conspiracy', 'libertarian']"
zombiesingularity,"['communism', 'economics', 'marxism']"
zryn3,"['democrats', 'economics', 'politicaldiscussion']"
zsreport,"['economics', 'labor', 'politics']"
